[
  {
    "info": {
      "id": "536971",
      "name": "Sri Renuka Devi ( 24 *7 ) Mess",
      "cloudinaryImageId": "c9b14ce99e64ef90ec1ee9dcc7ff72da",
      "locality": "Avinashi Road",
      "areaName": "Hopes",
      "costForTwo": "₹200 for two",
      "cuisines": [
        "South Indian",
        "Chinese"
      ],
      "avgRating": 4,
      "parentId": "472683",
      "avgRatingString": "4.0",
      "totalRatingsString": "500+",
      "sla": {
        "deliveryTime": 47,
        "lastMileTravel": 7.9,
        "serviceability": "SERVICEABLE",
        "slaString": "45-50 mins",
        "lastMileTravelString": "7.9 km",
        "iconType": "ICON_TYPE_EMPTY"
      },
      "availability": {
        "nextCloseTime": "2024-02-08 17:30:00",
        "opened": true
      },
      "badges": {
        
      },
      "isOpen": true,
      "type": "F",
      "badgesV2": {
        "entityBadges": {
          "imageBased": {
            
          },
          "textBased": {
            
          },
          "textExtendedBadges": {
            
          }
        }
      },
      "aggregatedDiscountInfoV3": {
        "header": "40% OFF",
        "subHeader": "UPTO ₹80"
      },
      "orderabilityCommunication": {
        "title": {
          
        },
        "subTitle": {
          
        },
        "message": {
          
        },
        "customIcon": {
          
        }
      },
      "differentiatedUi": {
        "displayType": "ADS_UI_DISPLAY_TYPE_ENUM_DEFAULT",
        "differentiatedUiMediaDetails": {
          "mediaType": "ADS_MEDIA_ENUM_IMAGE",
          "lottie": {
            
          },
          "video": {
            
          }
        }
      },
      "reviewsSummary": {
        
      },
      "displayType": "RESTAURANT_DISPLAY_TYPE_DEFAULT",
      "restaurantOfferPresentationInfo": {
        
      }
    },
    "analytics": {
      "context": "seo-data-69fa056f-ef81-4917-8540-afebdec00693"
    },
    "cta": {
      "link": "https://www.swiggy.com/restaurants/sri-renuka-devi-24-7-mess-avinashi-road-hopes-coimbatore-536971",
      "text": "RESTAURANT_MENU",
      "type": "WEBLINK"
    },
    "widgetId": "collectionV5RestaurantListWidget_SimRestoRelevance_food_seo"
  },
  {
    "info": {
      "id": "576182",
      "name": "Biriyani Day",
      "cloudinaryImageId": "eeycnbknf1musimagw35",
      "locality": "Bharathiyar Road",
      "areaName": "Lakshmi Mills",
      "costForTwo": "₹200 for two",
      "cuisines": [
        "Biryani",
        "Chinese"
      ],
      "avgRating": 3.7,
      "parentId": "46275",
      "avgRatingString": "3.7",
      "totalRatingsString": "1K+",
      "sla": {
        "deliveryTime": 46,
        "lastMileTravel": 3.6,
        "serviceability": "SERVICEABLE",
        "slaString": "45-50 mins",
        "lastMileTravelString": "3.6 km",
        "iconType": "ICON_TYPE_EMPTY"
      },
      "availability": {
        "nextCloseTime": "2024-02-08 23:59:00",
        "opened": true
      },
      "badges": {
        
      },
      "isOpen": true,
      "aggregatedDiscountInfoV2": {
        
      },
      "type": "F",
      "badgesV2": {
        "entityBadges": {
          "imageBased": {
            
          },
          "textBased": {
            
          },
          "textExtendedBadges": {
            
          }
        }
      },
      "orderabilityCommunication": {
        "title": {
          
        },
        "subTitle": {
          
        },
        "message": {
          
        },
        "customIcon": {
          
        }
      },
      "differentiatedUi": {
        "displayType": "ADS_UI_DISPLAY_TYPE_ENUM_DEFAULT",
        "differentiatedUiMediaDetails": {
          "mediaType": "ADS_MEDIA_ENUM_IMAGE",
          "lottie": {
            
          },
          "video": {
            
          }
        }
      },
      "reviewsSummary": {
        
      },
      "displayType": "RESTAURANT_DISPLAY_TYPE_DEFAULT",
      "restaurantOfferPresentationInfo": {
        
      }
    },
    "analytics": {
      "context": "seo-data-69fa056f-ef81-4917-8540-afebdec00693"
    },
    "cta": {
      "link": "https://www.swiggy.com/restaurants/biriyani-day-bharathiyar-road-lakshmi-mills-coimbatore-576182",
      "text": "RESTAURANT_MENU",
      "type": "WEBLINK"
    },
    "widgetId": "collectionV5RestaurantListWidget_SimRestoRelevance_food_seo"
  },
  {
    "info": {
      "id": "744740",
      "name": "Veetu Saapadu By Madhampatty Pakashala",
      "cloudinaryImageId": "d76fe91aa261bbdd4a3f8ad689ee4c70",
      "locality": "Industrial Estate",
      "areaName": "Coi Ganapathy",
      "costForTwo": "₹200 for two",
      "cuisines": [
        "South Indian"
      ],
      "avgRating": 4.2,
      "veg": true,
      "parentId": "473867",
      "avgRatingString": "4.2",
      "totalRatingsString": "100+",
      "sla": {
        "deliveryTime": 46,
        "lastMileTravel": 7.5,
        "serviceability": "SERVICEABLE",
        "slaString": "45-50 mins",
        "lastMileTravelString": "7.5 km",
        "iconType": "ICON_TYPE_EMPTY"
      },
      "availability": {
        "nextCloseTime": "2024-02-08 23:00:00",
        "opened": true
      },
      "badges": {
        
      },
      "isOpen": true,
      "aggregatedDiscountInfoV2": {
        
      },
      "type": "F",
      "badgesV2": {
        "entityBadges": {
          "imageBased": {
            
          },
          "textBased": {
            
          },
          "textExtendedBadges": {
            
          }
        }
      },
      "orderabilityCommunication": {
        "title": {
          
        },
        "subTitle": {
          
        },
        "message": {
          
        },
        "customIcon": {
          
        }
      },
      "differentiatedUi": {
        "displayType": "ADS_UI_DISPLAY_TYPE_ENUM_DEFAULT",
        "differentiatedUiMediaDetails": {
          "mediaType": "ADS_MEDIA_ENUM_IMAGE",
          "lottie": {
            
          },
          "video": {
            
          }
        }
      },
      "reviewsSummary": {
        
      },
      "displayType": "RESTAURANT_DISPLAY_TYPE_DEFAULT",
      "restaurantOfferPresentationInfo": {
        
      }
    },
    "analytics": {
      "context": "seo-data-69fa056f-ef81-4917-8540-afebdec00693"
    },
    "cta": {
      "link": "https://www.swiggy.com/restaurants/veetu-saapadu-by-madhampatty-pakashala-industrial-estate-coi-ganapathy-coimbatore-744740",
      "text": "RESTAURANT_MENU",
      "type": "WEBLINK"
    },
    "widgetId": "collectionV5RestaurantListWidget_SimRestoRelevance_food_seo"
  },
  {
    "info": {
      "id": "655358",
      "name": "The Fruit Bowl Co",
      "cloudinaryImageId": "c2ad94e7e1f01764a5e80534bcc9284d",
      "locality": "Trichy Road",
      "areaName": "Ramanathapuram",
      "costForTwo": "₹400 for two",
      "cuisines": [
        "Healthy Food",
        "Juices"
      ],
      "avgRating": 4.7,
      "veg": true,
      "parentId": "208792",
      "avgRatingString": "4.7",
      "totalRatingsString": "1K+",
      "sla": {
        "deliveryTime": 38,
        "lastMileTravel": 5.6,
        "serviceability": "SERVICEABLE",
        "slaString": "35-40 mins",
        "lastMileTravelString": "5.6 km",
        "iconType": "ICON_TYPE_EMPTY"
      },
      "availability": {
        "nextCloseTime": "2024-02-08 23:59:00",
        "opened": true
      },
      "badges": {
        
      },
      "isOpen": true,
      "type": "F",
      "badgesV2": {
        "entityBadges": {
          "imageBased": {
            
          },
          "textBased": {
            
          },
          "textExtendedBadges": {
            
          }
        }
      },
      "aggregatedDiscountInfoV3": {
        "header": "20% OFF",
        "subHeader": "UPTO ₹50"
      },
      "orderabilityCommunication": {
        "title": {
          
        },
        "subTitle": {
          
        },
        "message": {
          
        },
        "customIcon": {
          
        }
      },
      "differentiatedUi": {
        "displayType": "ADS_UI_DISPLAY_TYPE_ENUM_DEFAULT",
        "differentiatedUiMediaDetails": {
          "mediaType": "ADS_MEDIA_ENUM_IMAGE",
          "lottie": {
            
          },
          "video": {
            
          }
        }
      },
      "reviewsSummary": {
        
      },
      "displayType": "RESTAURANT_DISPLAY_TYPE_DEFAULT",
      "restaurantOfferPresentationInfo": {
        
      }
    },
    "analytics": {
      "context": "seo-data-69fa056f-ef81-4917-8540-afebdec00693"
    },
    "cta": {
      "link": "https://www.swiggy.com/restaurants/the-fruit-bowl-co-trichy-road-ramanathapuram-coimbatore-655358",
      "text": "RESTAURANT_MENU",
      "type": "WEBLINK"
    },
    "widgetId": "collectionV5RestaurantListWidget_SimRestoRelevance_food_seo"
  },
  {
    "info": {
      "id": "50267",
      "name": "Velan Kaappi",
      "cloudinaryImageId": "wqknmbuboi7z6nkjvlkq",
      "locality": "Tatabad",
      "areaName": "Saibaba Colony",
      "costForTwo": "₹100 for two",
      "cuisines": [
        "Beverages"
      ],
      "avgRating": 4.6,
      "veg": true,
      "parentId": "4707",
      "avgRatingString": "4.6",
      "totalRatingsString": "1K+",
      "sla": {
        "deliveryTime": 31,
        "lastMileTravel": 2.6,
        "serviceability": "SERVICEABLE",
        "slaString": "30-35 mins",
        "lastMileTravelString": "2.6 km",
        "iconType": "ICON_TYPE_EMPTY"
      },
      "availability": {
        "nextCloseTime": "2024-02-08 22:00:00",
        "opened": true
      },
      "badges": {
        "imageBadges": [
          {
            "imageId": "v1695133679/badges/Pure_Veg111.png",
            "description": "pureveg"
          }
        ]
      },
      "isOpen": true,
      "type": "F",
      "badgesV2": {
        "entityBadges": {
          "imageBased": {
            "badgeObject": [
              {
                "attributes": {
                  "description": "pureveg",
                  "imageId": "v1695133679/badges/Pure_Veg111.png"
                }
              }
            ]
          },
          "textBased": {
            
          },
          "textExtendedBadges": {
            
          }
        }
      },
      "aggregatedDiscountInfoV3": {
        "header": "50% OFF",
        "subHeader": "UPTO ₹100"
      },
      "orderabilityCommunication": {
        "title": {
          
        },
        "subTitle": {
          
        },
        "message": {
          
        },
        "customIcon": {
          
        }
      },
      "differentiatedUi": {
        "displayType": "ADS_UI_DISPLAY_TYPE_ENUM_DEFAULT",
        "differentiatedUiMediaDetails": {
          "mediaType": "ADS_MEDIA_ENUM_IMAGE",
          "lottie": {
            
          },
          "video": {
            
          }
        }
      },
      "reviewsSummary": {
        
      },
      "displayType": "RESTAURANT_DISPLAY_TYPE_DEFAULT",
      "restaurantOfferPresentationInfo": {
        
      }
    },
    "analytics": {
      "context": "seo-data-69fa056f-ef81-4917-8540-afebdec00693"
    },
    "cta": {
      "link": "https://www.swiggy.com/restaurants/velan-kaappi-tatabad-saibaba-colony-coimbatore-50267",
      "text": "RESTAURANT_MENU",
      "type": "WEBLINK"
    },
    "widgetId": "collectionV5RestaurantListWidget_SimRestoRelevance_food_seo"
  },
  {
    "info": {
      "id": "51335",
      "name": "Shree Anandhaas",
      "cloudinaryImageId": "tglkocgx1bejjhxble9t",
      "locality": "Malaviya Street",
      "areaName": "RAMNAGAR",
      "costForTwo": "₹200 for two",
      "cuisines": [
        "South Indian",
        "Chinese"
      ],
      "avgRating": 4.5,
      "veg": true,
      "parentId": "4735",
      "avgRatingString": "4.5",
      "totalRatingsString": "10K+",
      "sla": {
        "deliveryTime": 27,
        "lastMileTravel": 1.6,
        "serviceability": "SERVICEABLE",
        "slaString": "25-30 mins",
        "lastMileTravelString": "1.6 km",
        "iconType": "ICON_TYPE_EMPTY"
      },
      "availability": {
        "nextCloseTime": "2024-02-08 10:00:00",
        "opened": true
      },
      "badges": {
        "imageBadges": [
          {
            "imageId": "v1695133679/badges/Pure_Veg111.png",
            "description": "pureveg"
          }
        ]
      },
      "isOpen": true,
      "type": "F",
      "badgesV2": {
        "entityBadges": {
          "imageBased": {
            "badgeObject": [
              {
                "attributes": {
                  "description": "pureveg",
                  "imageId": "v1695133679/badges/Pure_Veg111.png"
                }
              }
            ]
          },
          "textBased": {
            
          },
          "textExtendedBadges": {
            
          }
        }
      },
      "aggregatedDiscountInfoV3": {
        "header": "₹125 OFF",
        "subHeader": "ABOVE ₹249",
        "discountTag": "FLAT DEAL"
      },
      "orderabilityCommunication": {
        "title": {
          
        },
        "subTitle": {
          
        },
        "message": {
          
        },
        "customIcon": {
          
        }
      },
      "differentiatedUi": {
        "displayType": "ADS_UI_DISPLAY_TYPE_ENUM_DEFAULT",
        "differentiatedUiMediaDetails": {
          "mediaType": "ADS_MEDIA_ENUM_IMAGE",
          "lottie": {
            
          },
          "video": {
            
          }
        }
      },
      "reviewsSummary": {
        
      },
      "displayType": "RESTAURANT_DISPLAY_TYPE_DEFAULT",
      "restaurantOfferPresentationInfo": {
        
      }
    },
    "analytics": {
      "context": "seo-data-69fa056f-ef81-4917-8540-afebdec00693"
    },
    "cta": {
      "link": "https://www.swiggy.com/restaurants/shree-anandhaas-malaviya-street-ramnagar-coimbatore-51335",
      "text": "RESTAURANT_MENU",
      "type": "WEBLINK"
    },
    "widgetId": "collectionV5RestaurantListWidget_SimRestoRelevance_food_seo"
  },
  {
    "info": {
      "id": "423172",
      "name": "Tea Time",
      "cloudinaryImageId": "bfys1nvjblor8p4jd63f",
      "locality": "Kamarajar Road",
      "areaName": "Lakshmipuram",
      "costForTwo": "₹300 for two",
      "cuisines": [
        "Beverages",
        "Juices",
        "Snacks"
      ],
      "avgRating": 4.3,
      "veg": true,
      "parentId": "202784",
      "avgRatingString": "4.3",
      "totalRatingsString": "100+",
      "sla": {
        "deliveryTime": 39,
        "lastMileTravel": 8.5,
        "serviceability": "SERVICEABLE",
        "slaString": "35-40 mins",
        "lastMileTravelString": "8.5 km",
        "iconType": "ICON_TYPE_EMPTY"
      },
      "availability": {
        "nextCloseTime": "2024-02-08 22:00:00",
        "opened": true
      },
      "badges": {
        "imageBadges": [
          {
            "imageId": "v1695133679/badges/Pure_Veg111.png",
            "description": "pureveg"
          }
        ]
      },
      "isOpen": true,
      "aggregatedDiscountInfoV2": {
        
      },
      "type": "F",
      "badgesV2": {
        "entityBadges": {
          "imageBased": {
            "badgeObject": [
              {
                "attributes": {
                  "description": "pureveg",
                  "imageId": "v1695133679/badges/Pure_Veg111.png"
                }
              }
            ]
          },
          "textBased": {
            
          },
          "textExtendedBadges": {
            
          }
        }
      },
      "orderabilityCommunication": {
        "title": {
          
        },
        "subTitle": {
          
        },
        "message": {
          
        },
        "customIcon": {
          
        }
      },
      "differentiatedUi": {
        "displayType": "ADS_UI_DISPLAY_TYPE_ENUM_DEFAULT",
        "differentiatedUiMediaDetails": {
          "mediaType": "ADS_MEDIA_ENUM_IMAGE",
          "lottie": {
            
          },
          "video": {
            
          }
        }
      },
      "reviewsSummary": {
        
      },
      "displayType": "RESTAURANT_DISPLAY_TYPE_DEFAULT",
      "restaurantOfferPresentationInfo": {
        
      }
    },
    "analytics": {
      "context": "seo-data-69fa056f-ef81-4917-8540-afebdec00693"
    },
    "cta": {
      "link": "https://www.swiggy.com/restaurants/tea-time-kamarajar-road-lakshmipuram-coimbatore-423172",
      "text": "RESTAURANT_MENU",
      "type": "WEBLINK"
    },
    "widgetId": "collectionV5RestaurantListWidget_SimRestoRelevance_food_seo"
  },
  {
    "info": {
      "id": "719093",
      "name": "Karupatti House",
      "cloudinaryImageId": "4e145a37eb8079857e2f798f21f0f942",
      "locality": "Maruthamalai Road",
      "areaName": "Vadavalli",
      "costForTwo": "₹100 for two",
      "cuisines": [
        "Beverages",
        "Desserts",
        "Snacks",
        "Sweets"
      ],
      "avgRating": 4.3,
      "veg": true,
      "parentId": "115370",
      "avgRatingString": "4.3",
      "totalRatingsString": "50+",
      "sla": {
        "deliveryTime": 30,
        "lastMileTravel": 5.5,
        "serviceability": "SERVICEABLE",
        "slaString": "25-30 mins",
        "lastMileTravelString": "5.5 km",
        "iconType": "ICON_TYPE_EMPTY"
      },
      "availability": {
        "nextCloseTime": "2024-02-08 21:30:00",
        "opened": true
      },
      "badges": {
        "imageBadges": [
          {
            "imageId": "v1695133679/badges/Pure_Veg111.png",
            "description": "pureveg"
          }
        ]
      },
      "isOpen": true,
      "type": "F",
      "badgesV2": {
        "entityBadges": {
          "imageBased": {
            "badgeObject": [
              {
                "attributes": {
                  "description": "pureveg",
                  "imageId": "v1695133679/badges/Pure_Veg111.png"
                }
              }
            ]
          },
          "textBased": {
            
          },
          "textExtendedBadges": {
            
          }
        }
      },
      "aggregatedDiscountInfoV3": {
        "header": "10% OFF",
        "subHeader": "ABOVE ₹800",
        "discountTag": "FLAT DEAL"
      },
      "orderabilityCommunication": {
        "title": {
          
        },
        "subTitle": {
          
        },
        "message": {
          
        },
        "customIcon": {
          
        }
      },
      "differentiatedUi": {
        "displayType": "ADS_UI_DISPLAY_TYPE_ENUM_DEFAULT",
        "differentiatedUiMediaDetails": {
          "mediaType": "ADS_MEDIA_ENUM_IMAGE",
          "lottie": {
            
          },
          "video": {
            
          }
        }
      },
      "reviewsSummary": {
        
      },
      "displayType": "RESTAURANT_DISPLAY_TYPE_DEFAULT",
      "restaurantOfferPresentationInfo": {
        
      }
    },
    "analytics": {
      "context": "seo-data-69fa056f-ef81-4917-8540-afebdec00693"
    },
    "cta": {
      "link": "https://www.swiggy.com/restaurants/karupatti-house-maruthamalai-road-vadavalli-coimbatore-719093",
      "text": "RESTAURANT_MENU",
      "type": "WEBLINK"
    },
    "widgetId": "collectionV5RestaurantListWidget_SimRestoRelevance_food_seo"
  },
  {
    "info": {
      "id": "587598",
      "name": "SS Cafe Hot & Cool",
      "cloudinaryImageId": "aph2wcdw2mdakmxgeahh",
      "locality": "Thudiyalur Road",
      "areaName": "Saravanampatti",
      "costForTwo": "₹159 for two",
      "cuisines": [
        "Beverages",
        "Fast Food",
        "Snacks"
      ],
      "avgRating": 4.3,
      "parentId": "351584",
      "avgRatingString": "4.3",
      "totalRatingsString": "100+",
      "sla": {
        "deliveryTime": 57,
        "lastMileTravel": 10.1,
        "serviceability": "SERVICEABLE",
        "slaString": "55-60 mins",
        "lastMileTravelString": "10.1 km",
        "iconType": "ICON_TYPE_EMPTY"
      },
      "availability": {
        "nextCloseTime": "2024-02-08 23:59:00",
        "opened": true
      },
      "badges": {
        
      },
      "isOpen": true,
      "aggregatedDiscountInfoV2": {
        
      },
      "type": "F",
      "badgesV2": {
        "entityBadges": {
          "imageBased": {
            
          },
          "textBased": {
            
          },
          "textExtendedBadges": {
            
          }
        }
      },
      "orderabilityCommunication": {
        "title": {
          
        },
        "subTitle": {
          
        },
        "message": {
          
        },
        "customIcon": {
          
        }
      },
      "differentiatedUi": {
        "displayType": "ADS_UI_DISPLAY_TYPE_ENUM_DEFAULT",
        "differentiatedUiMediaDetails": {
          "mediaType": "ADS_MEDIA_ENUM_IMAGE",
          "lottie": {
            
          },
          "video": {
            
          }
        }
      },
      "reviewsSummary": {
        
      },
      "displayType": "RESTAURANT_DISPLAY_TYPE_DEFAULT",
      "restaurantOfferPresentationInfo": {
        
      }
    },
    "analytics": {
      "context": "seo-data-69fa056f-ef81-4917-8540-afebdec00693"
    },
    "cta": {
      "link": "https://www.swiggy.com/restaurants/ss-cafe-hot-and-cool-thudiyalur-road-saravanampatti-coimbatore-587598",
      "text": "RESTAURANT_MENU",
      "type": "WEBLINK"
    },
    "widgetId": "collectionV5RestaurantListWidget_SimRestoRelevance_food_seo"
  },
    {
      "info": {
        "id": "51052",
        "name": "A2B - Adyar Ananda Bhavan",
        "cloudinaryImageId": "ow6arlbopuizo6lbnfk0",
        "locality": "State Bank Road",
        "areaName": "Race Course",
        "costForTwo": "₹300 for two",
        "cuisines": [
          "South Indian",
          "North Indian",
          "Sweets",
          "Chinese"
        ],
        "avgRating": 4.5,
        "veg": true,
        "parentId": "22",
        "avgRatingString": "4.5",
        "totalRatingsString": "10K+",
        "promoted": true,
        "adTrackingId": "cid=11085948~p=1~eid=0000018d-7cd1-3a4d-0117-0e6300ee0126~srvts=1707196103245~45995",
        "sla": {
          "deliveryTime": 32,
          "lastMileTravel": 4.4,
          "serviceability": "SERVICEABLE",
          "slaString": "30-35 mins",
          "lastMileTravelString": "4.4 km",
          "iconType": "ICON_TYPE_EMPTY"
        },
        "availability": {
          "nextCloseTime": "2024-02-06 22:45:00",
          "opened": true
        },
        "badges": {
          "imageBadges": [
            {
              "imageId": "v1690360529/Ratnesh_Badges/Only_on_swiggy_badge_4x.png",
              "description": "OnlyOnSwiggy"
            },
            {
              "imageId": "v1695133679/badges/Pure_Veg111.png",
              "description": "pureveg"
            }
          ]
        },
        "isOpen": true,
        "type": "F",
        "badgesV2": {
          "entityBadges": {
            "textExtendedBadges": {
              
            },
            "textBased": {
              
            },
            "imageBased": {
              "badgeObject": [
                {
                  "attributes": {
                    "imageId": "v1690360529/Ratnesh_Badges/Only_on_swiggy_badge_4x.png",
                    "description": "OnlyOnSwiggy"
                  }
                },
                {
                  "attributes": {
                    "description": "pureveg",
                    "imageId": "v1695133679/badges/Pure_Veg111.png"
                  }
                }
              ]
            }
          }
        },
        "aggregatedDiscountInfoV3": {
          "header": "20% OFF",
          "subHeader": "UPTO ₹50"
        },
        "differentiatedUi": {
          "displayType": "ADS_UI_DISPLAY_TYPE_ENUM_DEFAULT",
          "differentiatedUiMediaDetails": {
            "mediaType": "ADS_MEDIA_ENUM_IMAGE",
            "lottie": {
              
            },
            "video": {
              
            }
          }
        },
        "reviewsSummary": {
          
        },
        "displayType": "RESTAURANT_DISPLAY_TYPE_DEFAULT",
        "restaurantOfferPresentationInfo": {
          
        },
        "externalRatings": {
          "aggregatedRating": {
            "rating": "--"
          }
        },
        "ratingsDisplayPreference": "RATINGS_DISPLAY_PREFERENCE_SHOW_SWIGGY"
      },
      "analytics": {
        
      },
      "cta": {
        "link": "swiggy://menu?restaurant_id=51052",
        "text": "RESTAURANT_MENU",
        "type": "DEEPLINK"
      }
    },
    {
      "info": {
        "id": "709343",
        "name": "Nagerkovil Arya Bhavan",
        "cloudinaryImageId": "609f28d1cd1ef94d1eb6d7788bc4e566",
        "locality": "Peelamedu",
        "areaName": "Koundampalayam",
        "costForTwo": "₹250 for two",
        "cuisines": [
          "Chinese",
          "South Indian",
          "Beverages",
          "Biryani"
        ],
        "avgRating": 4.6,
        "veg": true,
        "parentId": "353249",
        "avgRatingString": "4.6",
        "totalRatingsString": "1K+",
        "sla": {
          "deliveryTime": 27,
          "lastMileTravel": 4.8,
          "serviceability": "SERVICEABLE",
          "slaString": "25-30 mins",
          "lastMileTravelString": "4.8 km",
          "iconType": "ICON_TYPE_EMPTY"
        },
        "availability": {
          "nextCloseTime": "2024-02-06 22:40:00",
          "opened": true
        },
        "badges": {
          
        },
        "isOpen": true,
        "aggregatedDiscountInfoV2": {
          
        },
        "type": "F",
        "badgesV2": {
          "entityBadges": {
            "textBased": {
              
            },
            "imageBased": {
              
            },
            "textExtendedBadges": {
              
            }
          }
        },
        "differentiatedUi": {
          "displayType": "ADS_UI_DISPLAY_TYPE_ENUM_DEFAULT",
          "differentiatedUiMediaDetails": {
            "mediaType": "ADS_MEDIA_ENUM_IMAGE",
            "lottie": {
              
            },
            "video": {
              
            }
          }
        },
        "reviewsSummary": {
          
        },
        "displayType": "RESTAURANT_DISPLAY_TYPE_DEFAULT",
        "restaurantOfferPresentationInfo": {
          
        },
        "externalRatings": {
          "aggregatedRating": {
            "rating": "--"
          }
        },
        "ratingsDisplayPreference": "RATINGS_DISPLAY_PREFERENCE_SHOW_SWIGGY"
      },
      "analytics": {
        
      },
      "cta": {
        "link": "swiggy://menu?restaurant_id=709343",
        "text": "RESTAURANT_MENU",
        "type": "DEEPLINK"
      }
    },
    {
      "info": {
        "id": "717397",
        "name": "Sai Brindhavan",
        "cloudinaryImageId": "b967e49b2cd70bf6f4733588a6a178e8",
        "locality": "Dr.Radhakrishnan Street ASAP",
        "areaName": "Gandhipuram",
        "costForTwo": "₹200 for two",
        "cuisines": [
          "South Indian"
        ],
        "avgRating": 4.4,
        "veg": true,
        "parentId": "174945",
        "avgRatingString": "4.4",
        "totalRatingsString": "100+",
        "sla": {
          "deliveryTime": 23,
          "lastMileTravel": 1.6,
          "serviceability": "SERVICEABLE",
          "slaString": "20-25 mins",
          "lastMileTravelString": "1.6 km",
          "iconType": "ICON_TYPE_EMPTY"
        },
        "availability": {
          "nextCloseTime": "2024-02-06 23:00:00",
          "opened": true
        },
        "badges": {
          
        },
        "isOpen": true,
        "aggregatedDiscountInfoV2": {
          
        },
        "type": "F",
        "badgesV2": {
          "entityBadges": {
            "textBased": {
              
            },
            "imageBased": {
              
            },
            "textExtendedBadges": {
              
            }
          }
        },
        "differentiatedUi": {
          "displayType": "ADS_UI_DISPLAY_TYPE_ENUM_DEFAULT",
          "differentiatedUiMediaDetails": {
            "mediaType": "ADS_MEDIA_ENUM_IMAGE",
            "lottie": {
              
            },
            "video": {
              
            }
          }
        },
        "reviewsSummary": {
          
        },
        "displayType": "RESTAURANT_DISPLAY_TYPE_DEFAULT",
        "restaurantOfferPresentationInfo": {
          
        },
        "externalRatings": {
          "aggregatedRating": {
            "rating": "--"
          }
        },
        "ratingsDisplayPreference": "RATINGS_DISPLAY_PREFERENCE_SHOW_SWIGGY"
      },
      "analytics": {
        
      },
      "cta": {
        "link": "swiggy://menu?restaurant_id=717397",
        "text": "RESTAURANT_MENU",
        "type": "DEEPLINK"
      }
    },
    {
      "info": {
        "id": "93262",
        "name": "Hotel Maa",
        "cloudinaryImageId": "eeqwsj031qwrklkzt4bw",
        "locality": "Avinashi Road",
        "areaName": "Race Course",
        "costForTwo": "₹200 for two",
        "cuisines": [
          "South Indian",
          "Indian",
          "Beverages",
          "Ice Cream",
          "Chinese"
        ],
        "avgRating": 4.3,
        "parentId": "9101",
        "avgRatingString": "4.3",
        "totalRatingsString": "10K+",
        "sla": {
          "deliveryTime": 31,
          "lastMileTravel": 3.9,
          "serviceability": "SERVICEABLE",
          "slaString": "30-35 mins",
          "lastMileTravelString": "3.9 km",
          "iconType": "ICON_TYPE_EMPTY"
        },
        "availability": {
          "nextCloseTime": "2024-02-06 23:00:00",
          "opened": true
        },
        "badges": {
          "imageBadges": [
            {
              "imageId": "v1690360529/Ratnesh_Badges/Only_on_swiggy_badge_4x.png",
              "description": "OnlyOnSwiggy"
            }
          ],
          "textExtendedBadges": [
            {
              "iconId": "guiltfree/GF_Logo_android_3x",
              "shortDescription": "options available",
              "fontColor": "#7E808C"
            }
          ]
        },
        "isOpen": true,
        "type": "F",
        "badgesV2": {
          "entityBadges": {
            "textExtendedBadges": {
              "badgeObject": [
                {
                  "attributes": {
                    "description": "",
                    "shortDescription": "options available",
                    "fontColor": "#7E808C",
                    "iconId": "guiltfree/GF_Logo_android_3x"
                  }
                }
              ]
            },
            "textBased": {
              
            },
            "imageBased": {
              "badgeObject": [
                {
                  "attributes": {
                    "imageId": "v1690360529/Ratnesh_Badges/Only_on_swiggy_badge_4x.png",
                    "description": "OnlyOnSwiggy"
                  }
                }
              ]
            }
          }
        },
        "aggregatedDiscountInfoV3": {
          "header": "40% OFF",
          "subHeader": "UPTO ₹80",
          "discountCalloutInfo": {
            "message": "Free Delivery",
            "logoCtx": {
              "logo": "v1655895371/free_delivery_logo_hqipbo.png"
            }
          }
        },
        "differentiatedUi": {
          "displayType": "ADS_UI_DISPLAY_TYPE_ENUM_DEFAULT",
          "differentiatedUiMediaDetails": {
            "mediaType": "ADS_MEDIA_ENUM_IMAGE",
            "lottie": {
              
            },
            "video": {
              
            }
          }
        },
        "reviewsSummary": {
          
        },
        "displayType": "RESTAURANT_DISPLAY_TYPE_DEFAULT",
        "restaurantOfferPresentationInfo": {
          
        },
        "externalRatings": {
          "aggregatedRating": {
            "rating": "--"
          }
        },
        "ratingsDisplayPreference": "RATINGS_DISPLAY_PREFERENCE_SHOW_SWIGGY"
      },
      "analytics": {
        
      },
      "cta": {
        "link": "swiggy://menu?restaurant_id=93262",
        "text": "RESTAURANT_MENU",
        "type": "DEEPLINK"
      }
    },
    {
      "info": {
        "id": "61498",
        "name": "Geetha Canteen",
        "cloudinaryImageId": "d307f820c640fc02dd6242a358e69a79",
        "locality": "Kalingarayan Street",
        "areaName": "Gandhipuram",
        "costForTwo": "₹100 for two",
        "cuisines": [
          "South Indian"
        ],
        "avgRating": 4.4,
        "veg": true,
        "parentId": "6459",
        "avgRatingString": "4.4",
        "totalRatingsString": "10K+",
        "promoted": true,
        "adTrackingId": "cid=11086137~p=2~eid=0000018d-7cd1-3a4d-0117-0e6400ee022f~srvts=1707196103245~45995",
        "sla": {
          "deliveryTime": 26,
          "lastMileTravel": 1.9,
          "serviceability": "SERVICEABLE",
          "slaString": "25-30 mins",
          "lastMileTravelString": "1.9 km",
          "iconType": "ICON_TYPE_EMPTY"
        },
        "availability": {
          "nextCloseTime": "2024-02-06 11:00:00",
          "opened": true
        },
        "badges": {
          "imageBadges": [
            {
              "imageId": "v1695133679/badges/Pure_Veg111.png",
              "description": "pureveg"
            }
          ]
        },
        "isOpen": true,
        "type": "F",
        "badgesV2": {
          "entityBadges": {
            "textExtendedBadges": {
              
            },
            "textBased": {
              
            },
            "imageBased": {
              "badgeObject": [
                {
                  "attributes": {
                    "imageId": "v1695133679/badges/Pure_Veg111.png",
                    "description": "pureveg"
                  }
                }
              ]
            }
          }
        },
        "aggregatedDiscountInfoV3": {
          "header": "₹125 OFF",
          "subHeader": "ABOVE ₹249",
          "discountTag": "FLAT DEAL"
        },
        "differentiatedUi": {
          "displayType": "ADS_UI_DISPLAY_TYPE_ENUM_DEFAULT",
          "differentiatedUiMediaDetails": {
            "mediaType": "ADS_MEDIA_ENUM_IMAGE",
            "lottie": {
              
            },
            "video": {
              
            }
          }
        },
        "reviewsSummary": {
          
        },
        "displayType": "RESTAURANT_DISPLAY_TYPE_DEFAULT",
        "restaurantOfferPresentationInfo": {
          
        },
        "externalRatings": {
          "aggregatedRating": {
            "rating": "--"
          }
        },
        "ratingsDisplayPreference": "RATINGS_DISPLAY_PREFERENCE_SHOW_SWIGGY"
      },
      "analytics": {
        
      },
      "cta": {
        "link": "swiggy://menu?restaurant_id=61498",
        "text": "RESTAURANT_MENU",
        "type": "DEEPLINK"
      }
    },
    {
      "info": {
        "id": "56378",
        "name": "Sri Krishna Tiffin Room",
        "cloudinaryImageId": "fdcjjpiofz11fj2xse4e",
        "locality": "Siddhapudur",
        "areaName": "Lakshmi Mills",
        "costForTwo": "₹200 for two",
        "cuisines": [
          "South Indian",
          "Chinese"
        ],
        "avgRating": 4.6,
        "parentId": "18430",
        "avgRatingString": "4.6",
        "totalRatingsString": "10K+",
        "sla": {
          "deliveryTime": 27,
          "lastMileTravel": 2.8,
          "serviceability": "SERVICEABLE",
          "slaString": "25-30 mins",
          "lastMileTravelString": "2.8 km",
          "iconType": "ICON_TYPE_EMPTY"
        },
        "availability": {
          "nextCloseTime": "2024-02-06 23:00:00",
          "opened": true
        },
        "badges": {
          
        },
        "isOpen": true,
        "aggregatedDiscountInfoV2": {
          
        },
        "type": "F",
        "badgesV2": {
          "entityBadges": {
            "textBased": {
              
            },
            "imageBased": {
              
            },
            "textExtendedBadges": {
              
            }
          }
        },
        "differentiatedUi": {
          "displayType": "ADS_UI_DISPLAY_TYPE_ENUM_DEFAULT",
          "differentiatedUiMediaDetails": {
            "mediaType": "ADS_MEDIA_ENUM_IMAGE",
            "lottie": {
              
            },
            "video": {
              
            }
          }
        },
        "reviewsSummary": {
          
        },
        "displayType": "RESTAURANT_DISPLAY_TYPE_DEFAULT",
        "restaurantOfferPresentationInfo": {
          
        },
        "externalRatings": {
          "aggregatedRating": {
            "rating": "--"
          }
        },
        "ratingsDisplayPreference": "RATINGS_DISPLAY_PREFERENCE_SHOW_SWIGGY"
      },
      "analytics": {
        
      },
      "cta": {
        "link": "swiggy://menu?restaurant_id=56378",
        "text": "RESTAURANT_MENU",
        "type": "DEEPLINK"
      }
    },
    {
      "info": {
        "id": "50162",
        "name": "Ammayi Veedu Pot Cook",
        "cloudinaryImageId": "21b14e6c22678db398d9b9e5d0f937ac",
        "locality": "Gandhipuram",
        "areaName": "Gandhipuram",
        "costForTwo": "₹300 for two",
        "cuisines": [
          "South Indian",
          "Indian",
          "Chinese"
        ],
        "avgRating": 4.4,
        "parentId": "12505",
        "avgRatingString": "4.4",
        "totalRatingsString": "10K+",
        "sla": {
          "deliveryTime": 26,
          "lastMileTravel": 2.8,
          "serviceability": "SERVICEABLE",
          "slaString": "25-30 mins",
          "lastMileTravelString": "2.8 km",
          "iconType": "ICON_TYPE_EMPTY"
        },
        "availability": {
          "nextCloseTime": "2024-02-06 23:00:00",
          "opened": true
        },
        "badges": {
          
        },
        "isOpen": true,
        "type": "F",
        "badgesV2": {
          "entityBadges": {
            "textBased": {
              
            },
            "imageBased": {
              
            },
            "textExtendedBadges": {
              
            }
          }
        },
        "aggregatedDiscountInfoV3": {
          "header": "30% OFF",
          "subHeader": "UPTO ₹75"
        },
        "differentiatedUi": {
          "displayType": "ADS_UI_DISPLAY_TYPE_ENUM_DEFAULT",
          "differentiatedUiMediaDetails": {
            "mediaType": "ADS_MEDIA_ENUM_IMAGE",
            "lottie": {
              
            },
            "video": {
              
            }
          }
        },
        "reviewsSummary": {
          
        },
        "displayType": "RESTAURANT_DISPLAY_TYPE_DEFAULT",
        "restaurantOfferPresentationInfo": {
          
        },
        "externalRatings": {
          "aggregatedRating": {
            "rating": "--"
          }
        },
        "ratingsDisplayPreference": "RATINGS_DISPLAY_PREFERENCE_SHOW_SWIGGY"
      },
      "analytics": {
        
      },
      "cta": {
        "link": "swiggy://menu?restaurant_id=50162",
        "text": "RESTAURANT_MENU",
        "type": "DEEPLINK"
      }
    },
    {
      "info": {
        "id": "59481",
        "name": "Ayyappa's Pearl Veg Restaurant",
        "cloudinaryImageId": "hlosjhn7xwschzoo8puo",
        "locality": "Koundampalayam",
        "areaName": "Kavundampalayam",
        "costForTwo": "₹250 for two",
        "cuisines": [
          "South Indian",
          "Chinese"
        ],
        "avgRating": 4.5,
        "parentId": "18415",
        "avgRatingString": "4.5",
        "totalRatingsString": "10K+",
        "sla": {
          "deliveryTime": 28,
          "lastMileTravel": 4.3,
          "serviceability": "SERVICEABLE",
          "slaString": "25-30 mins",
          "lastMileTravelString": "4.3 km",
          "iconType": "ICON_TYPE_EMPTY"
        },
        "availability": {
          "nextCloseTime": "2024-02-06 22:30:00",
          "opened": true
        },
        "badges": {
          "imageBadges": [
            {
              "imageId": "v1695133679/badges/Pure_Veg111.png",
              "description": "pureveg"
            }
          ]
        },
        "isOpen": true,
        "type": "F",
        "badgesV2": {
          "entityBadges": {
            "textBased": {
              
            },
            "imageBased": {
              "badgeObject": [
                {
                  "attributes": {
                    "imageId": "v1695133679/badges/Pure_Veg111.png",
                    "description": "pureveg"
                  }
                }
              ]
            },
            "textExtendedBadges": {
              
            }
          }
        },
        "aggregatedDiscountInfoV3": {
          "header": "₹100 OFF",
          "subHeader": "ABOVE ₹249",
          "discountTag": "FLAT DEAL"
        },
        "differentiatedUi": {
          "displayType": "ADS_UI_DISPLAY_TYPE_ENUM_DEFAULT",
          "differentiatedUiMediaDetails": {
            "mediaType": "ADS_MEDIA_ENUM_IMAGE",
            "lottie": {
              
            },
            "video": {
              
            }
          }
        },
        "reviewsSummary": {
          
        },
        "displayType": "RESTAURANT_DISPLAY_TYPE_DEFAULT",
        "restaurantOfferPresentationInfo": {
          
        },
        "externalRatings": {
          "aggregatedRating": {
            "rating": "--"
          }
        },
        "ratingsDisplayPreference": "RATINGS_DISPLAY_PREFERENCE_SHOW_SWIGGY"
      },
      "analytics": {
        
      },
      "cta": {
        "link": "swiggy://menu?restaurant_id=59481",
        "text": "RESTAURANT_MENU",
        "type": "DEEPLINK"
      }
    },
    {
      "info": {
        "id": "64475",
        "name": "Thalassery Restaurant",
        "cloudinaryImageId": "io02rlsxazhqf4oxnqug",
        "locality": "Palakkad Main Road",
        "areaName": "Ukkadam",
        "costForTwo": "₹200 for two",
        "cuisines": [
          "South Indian",
          "Arabian",
          "Chinese",
          "Kerala",
          "North Indian"
        ],
        "avgRating": 4.4,
        "parentId": "14391",
        "avgRatingString": "4.4",
        "totalRatingsString": "10K+",
        "promoted": true,
        "adTrackingId": "cid=11088070~p=3~eid=0000018d-7cd1-3a4d-0117-0e6500ee0328~srvts=1707196103245~45995",
        "sla": {
          "deliveryTime": 29,
          "lastMileTravel": 4,
          "serviceability": "SERVICEABLE",
          "slaString": "25-30 mins",
          "lastMileTravelString": "4.0 km",
          "iconType": "ICON_TYPE_EMPTY"
        },
        "availability": {
          "nextCloseTime": "2024-02-06 23:00:00",
          "opened": true
        },
        "badges": {
          
        },
        "isOpen": true,
        "aggregatedDiscountInfoV2": {
          
        },
        "type": "F",
        "badgesV2": {
          "entityBadges": {
            "textExtendedBadges": {
              
            },
            "textBased": {
              
            },
            "imageBased": {
              
            }
          }
        },
        "differentiatedUi": {
          "displayType": "ADS_UI_DISPLAY_TYPE_ENUM_DEFAULT",
          "differentiatedUiMediaDetails": {
            "mediaType": "ADS_MEDIA_ENUM_IMAGE",
            "lottie": {
              
            },
            "video": {
              
            }
          }
        },
        "reviewsSummary": {
          
        },
        "displayType": "RESTAURANT_DISPLAY_TYPE_DEFAULT",
        "restaurantOfferPresentationInfo": {
          
        },
        "externalRatings": {
          "aggregatedRating": {
            "rating": "--"
          }
        },
        "ratingsDisplayPreference": "RATINGS_DISPLAY_PREFERENCE_SHOW_SWIGGY"
      },
      "analytics": {
        
      },
      "cta": {
        "link": "swiggy://menu?restaurant_id=64475",
        "text": "RESTAURANT_MENU",
        "type": "DEEPLINK"
      }
    },
    {
      "info": {
        "id": "69108",
        "name": "Hotel Sri Nargani's",
        "cloudinaryImageId": "wu14k2nu9xiudzfk053i",
        "locality": "Marudhamalai Road",
        "areaName": "Vadavalli",
        "costForTwo": "₹200 for two",
        "cuisines": [
          "South Indian"
        ],
        "avgRating": 4.4,
        "veg": true,
        "parentId": "18392",
        "avgRatingString": "4.4",
        "totalRatingsString": "10K+",
        "sla": {
          "deliveryTime": 33,
          "lastMileTravel": 5.5,
          "serviceability": "SERVICEABLE",
          "slaString": "30-35 mins",
          "lastMileTravelString": "5.5 km",
          "iconType": "ICON_TYPE_EMPTY"
        },
        "availability": {
          "nextCloseTime": "2024-02-06 22:15:00",
          "opened": true
        },
        "badges": {
          
        },
        "isOpen": true,
        "aggregatedDiscountInfoV2": {
          
        },
        "type": "F",
        "badgesV2": {
          "entityBadges": {
            "textBased": {
              
            },
            "imageBased": {
              
            },
            "textExtendedBadges": {
              
            }
          }
        },
        "differentiatedUi": {
          "displayType": "ADS_UI_DISPLAY_TYPE_ENUM_DEFAULT",
          "differentiatedUiMediaDetails": {
            "mediaType": "ADS_MEDIA_ENUM_IMAGE",
            "lottie": {
              
            },
            "video": {
              
            }
          }
        },
        "reviewsSummary": {
          
        },
        "displayType": "RESTAURANT_DISPLAY_TYPE_DEFAULT",
        "restaurantOfferPresentationInfo": {
          
        },
        "externalRatings": {
          "aggregatedRating": {
            "rating": "--"
          }
        },
        "ratingsDisplayPreference": "RATINGS_DISPLAY_PREFERENCE_SHOW_SWIGGY"
      },
      "analytics": {
        
      },
      "cta": {
        "link": "swiggy://menu?restaurant_id=69108",
        "text": "RESTAURANT_MENU",
        "type": "DEEPLINK"
      }
    },
    {
      "info": {
        "id": "510521",
        "name": "A2B - Adyar Ananda Bhavan",
        "cloudinaryImageId": "ow6arlbopuizo6lbnfk0",
        "locality": "State Bank Road",
        "areaName": "Race Course",
        "costForTwo": "₹300 for two",
        "cuisines": [
          "South Indian",
          "North Indian",
          "Sweets",
          "Chinese"
        ],
        "avgRating": 4.5,
        "veg": true,
        "parentId": "22",
        "avgRatingString": "4.5",
        "totalRatingsString": "10K+",
        "promoted": true,
        "adTrackingId": "cid=11085948~p=1~eid=0000018d-7cd1-3a4d-0117-0e6300ee0126~srvts=1707196103245~45995",
        "sla": {
          "deliveryTime": 32,
          "lastMileTravel": 4.4,
          "serviceability": "SERVICEABLE",
          "slaString": "30-35 mins",
          "lastMileTravelString": "4.4 km",
          "iconType": "ICON_TYPE_EMPTY"
        },
        "availability": {
          "nextCloseTime": "2024-02-06 22:45:00",
          "opened": true
        },
        "badges": {
          "imageBadges": [
            {
              "imageId": "v1690360529/Ratnesh_Badges/Only_on_swiggy_badge_4x.png",
              "description": "OnlyOnSwiggy"
            },
            {
              "imageId": "v1695133679/badges/Pure_Veg111.png",
              "description": "pureveg"
            }
          ]
        },
        "isOpen": true,
        "type": "F",
        "badgesV2": {
          "entityBadges": {
            "textExtendedBadges": {
              
            },
            "textBased": {
              
            },
            "imageBased": {
              "badgeObject": [
                {
                  "attributes": {
                    "imageId": "v1690360529/Ratnesh_Badges/Only_on_swiggy_badge_4x.png",
                    "description": "OnlyOnSwiggy"
                  }
                },
                {
                  "attributes": {
                    "description": "pureveg",
                    "imageId": "v1695133679/badges/Pure_Veg111.png"
                  }
                }
              ]
            }
          }
        },
        "aggregatedDiscountInfoV3": {
          "header": "20% OFF",
          "subHeader": "UPTO ₹50"
        },
        "differentiatedUi": {
          "displayType": "ADS_UI_DISPLAY_TYPE_ENUM_DEFAULT",
          "differentiatedUiMediaDetails": {
            "mediaType": "ADS_MEDIA_ENUM_IMAGE",
            "lottie": {
              
            },
            "video": {
              
            }
          }
        },
        "reviewsSummary": {
          
        },
        "displayType": "RESTAURANT_DISPLAY_TYPE_DEFAULT",
        "restaurantOfferPresentationInfo": {
          
        },
        "externalRatings": {
          "aggregatedRating": {
            "rating": "--"
          }
        },
        "ratingsDisplayPreference": "RATINGS_DISPLAY_PREFERENCE_SHOW_SWIGGY"
      },
      "analytics": {
        
      },
      "cta": {
        "link": "swiggy://menu?restaurant_id=51052",
        "text": "RESTAURANT_MENU",
        "type": "DEEPLINK"
      }
    },
    {
      "info": {
        "id": "7173971",
        "name": "Sai Brindhavan",
        "cloudinaryImageId": "b967e49b2cd70bf6f4733588a6a178e8",
        "locality": "Dr.Radhakrishnan Street ASAP",
        "areaName": "Gandhipuram",
        "costForTwo": "₹200 for two",
        "cuisines": [
          "South Indian"
        ],
        "avgRating": 4.4,
        "veg": true,
        "parentId": "174945",
        "avgRatingString": "4.4",
        "totalRatingsString": "100+",
        "sla": {
          "deliveryTime": 23,
          "lastMileTravel": 1.6,
          "serviceability": "SERVICEABLE",
          "slaString": "20-25 mins",
          "lastMileTravelString": "1.6 km",
          "iconType": "ICON_TYPE_EMPTY"
        },
        "availability": {
          "nextCloseTime": "2024-02-06 23:00:00",
          "opened": true
        },
        "badges": {
          
        },
        "isOpen": true,
        "aggregatedDiscountInfoV2": {
          
        },
        "type": "F",
        "badgesV2": {
          "entityBadges": {
            "textBased": {
              
            },
            "imageBased": {
              
            },
            "textExtendedBadges": {
              
            }
          }
        },
        "differentiatedUi": {
          "displayType": "ADS_UI_DISPLAY_TYPE_ENUM_DEFAULT",
          "differentiatedUiMediaDetails": {
            "mediaType": "ADS_MEDIA_ENUM_IMAGE",
            "lottie": {
              
            },
            "video": {
              
            }
          }
        },
        "reviewsSummary": {
          
        },
        "displayType": "RESTAURANT_DISPLAY_TYPE_DEFAULT",
        "restaurantOfferPresentationInfo": {
          
        },
        "externalRatings": {
          "aggregatedRating": {
            "rating": "--"
          }
        },
        "ratingsDisplayPreference": "RATINGS_DISPLAY_PREFERENCE_SHOW_SWIGGY"
      },
      "analytics": {
        
      },
      "cta": {
        "link": "swiggy://menu?restaurant_id=717397",
        "text": "RESTAURANT_MENU",
        "type": "DEEPLINK"
      }
    },
    {
      "info": {
        "id": "932621",
        "name": "Hotel Maa",
        "cloudinaryImageId": "eeqwsj031qwrklkzt4bw",
        "locality": "Avinashi Road",
        "areaName": "Race Course",
        "costForTwo": "₹200 for two",
        "cuisines": [
          "South Indian",
          "Indian",
          "Beverages",
          "Ice Cream",
          "Chinese"
        ],
        "avgRating": 4.3,
        "parentId": "9101",
        "avgRatingString": "4.3",
        "totalRatingsString": "10K+",
        "sla": {
          "deliveryTime": 31,
          "lastMileTravel": 3.9,
          "serviceability": "SERVICEABLE",
          "slaString": "30-35 mins",
          "lastMileTravelString": "3.9 km",
          "iconType": "ICON_TYPE_EMPTY"
        },
        "availability": {
          "nextCloseTime": "2024-02-06 23:00:00",
          "opened": true
        },
        "badges": {
          "imageBadges": [
            {
              "imageId": "v1690360529/Ratnesh_Badges/Only_on_swiggy_badge_4x.png",
              "description": "OnlyOnSwiggy"
            }
          ],
          "textExtendedBadges": [
            {
              "iconId": "guiltfree/GF_Logo_android_3x",
              "shortDescription": "options available",
              "fontColor": "#7E808C"
            }
          ]
        },
        "isOpen": true,
        "type": "F",
        "badgesV2": {
          "entityBadges": {
            "textExtendedBadges": {
              "badgeObject": [
                {
                  "attributes": {
                    "description": "",
                    "shortDescription": "options available",
                    "fontColor": "#7E808C",
                    "iconId": "guiltfree/GF_Logo_android_3x"
                  }
                }
              ]
            },
            "textBased": {
              
            },
            "imageBased": {
              "badgeObject": [
                {
                  "attributes": {
                    "imageId": "v1690360529/Ratnesh_Badges/Only_on_swiggy_badge_4x.png",
                    "description": "OnlyOnSwiggy"
                  }
                }
              ]
            }
          }
        },
        "aggregatedDiscountInfoV3": {
          "header": "40% OFF",
          "subHeader": "UPTO ₹80",
          "discountCalloutInfo": {
            "message": "Free Delivery",
            "logoCtx": {
              "logo": "v1655895371/free_delivery_logo_hqipbo.png"
            }
          }
        },
        "differentiatedUi": {
          "displayType": "ADS_UI_DISPLAY_TYPE_ENUM_DEFAULT",
          "differentiatedUiMediaDetails": {
            "mediaType": "ADS_MEDIA_ENUM_IMAGE",
            "lottie": {
              
            },
            "video": {
              
            }
          }
        },
        "reviewsSummary": {
          
        },
        "displayType": "RESTAURANT_DISPLAY_TYPE_DEFAULT",
        "restaurantOfferPresentationInfo": {
          
        },
        "externalRatings": {
          "aggregatedRating": {
            "rating": "--"
          }
        },
        "ratingsDisplayPreference": "RATINGS_DISPLAY_PREFERENCE_SHOW_SWIGGY"
      },
      "analytics": {
        
      },
      "cta": {
        "link": "swiggy://menu?restaurant_id=93262",
        "text": "RESTAURANT_MENU",
        "type": "DEEPLINK"
      }
    }
]